start_x,start_y,goal_x,goal_y,path_length
1.5315,0.1243,0.1749,0.5173,1.4163
1.5315,0.1243,1.1048,0.2585,0.4473
1.1048,0.2585,0.1749,0.5173,0.969
1.5315,0.1243,0.98,0.3005,0.579
0.98,0.3005,0.1749,0.5173,0.8373
1.5315,0.1243,0.5375,0.4593,1.0491
0.5375,0.4593,0.1749,0.5173,0.3672
1.5315,0.1243,0.1749,0.5173,1.4163
-1.9406,1.1761,-1.1769,-0.0617,1.4547
-1.9406,1.1761,-1.7414,0.8493,0.3827
-1.7414,0.8493,-1.1769,-0.0617,1.0721
-1.9406,1.1761,-1.618,0.6372,0.6281
-1.618,0.6372,-1.1769,-0.0617,0.8266
-1.9406,1.1761,-1.4312,0.3252,0.9918
-1.4312,0.3252,-1.1769,-0.0617,0.463
-1.9406,1.1761,-1.1769,-0.0617,1.4547
1.7728,0.7534,-0.08,-0.4937,2.3366
1.7728,0.7534,1.4652,0.4593,0.4255
1.4652,0.4593,-0.08,-0.4937,1.9111
1.7728,0.7534,1.3899,0.3838,0.5322
1.3899,0.3838,-0.08,-0.4937,1.8045
1.7728,0.7534,1.1238,0.1261,0.9026
1.1238,0.1261,-0.08,-0.4937,1.4341
1.7728,0.7534,0.879,-0.0955,1.2328
0.879,-0.0955,-0.08,-0.4937,1.1038
1.7728,0.7534,0.7923,-0.1793,1.3534
0.7923,-0.1793,-0.08,-0.4937,0.9833
1.7728,0.7534,0.4797,-0.4524,1.7685
0.4797,-0.4524,-0.08,-0.4937,0.5681
1.7728,0.7534,0.4344,-0.4806,1.8218
0.4344,-0.4806,-0.08,-0.4937,0.5148
1.7728,0.7534,0.2273,-0.4929,2.0293
0.2273,-0.4929,-0.08,-0.4937,0.3073
1.7728,0.7534,-0.08,-0.4937,2.3366
-1.3207,0.5052,0.5746,0.903,1.9421
-1.3207,0.5052,-0.9165,0.5515,0.4069
-0.9165,0.5515,0.5746,0.903,1.5352
-1.3207,0.5052,-0.5901,0.5871,0.7353
-0.5901,0.5871,0.5746,0.903,1.2068
-1.3207,0.5052,-0.2768,0.6776,1.0613
-0.2768,0.6776,0.5746,0.903,0.8807
-1.3207,0.5052,-0.0101,0.7467,1.3368
-0.0101,0.7467,0.5746,0.903,0.6053
-1.3207,0.5052,0.3019,0.8297,1.6597
0.3019,0.8297,0.5746,0.903,0.2824
-1.3207,0.5052,0.5746,0.903,1.9421
-0.3802,0.5788,-1.5748,1.4656,1.8686
-0.3802,0.5788,-0.4504,0.8907,0.3197
-0.4504,0.8907,-1.5748,1.4656,1.5488
-0.3802,0.5788,-0.526,1.3165,0.7521
-0.526,1.3165,-1.5748,1.4656,1.1164
-0.3802,0.5788,-0.5405,1.3844,0.8216
-0.5405,1.3844,-1.5748,1.4656,1.047
-0.3802,0.5788,-0.6153,1.4279,0.908
-0.6153,1.4279,-1.5748,1.4656,0.9605
-0.3802,0.5788,-0.9006,1.4437,1.1938
-0.9006,1.4437,-1.5748,1.4656,0.6748
-0.3802,0.5788,-1.1621,1.455,1.4555
-1.1621,1.455,-1.5748,1.4656,0.413
-0.3802,0.5788,-1.4903,1.4686,1.7841
-1.4903,1.4686,-1.5748,1.4656,0.0845
-0.3802,0.5788,-1.5748,1.4656,1.8686
1.1374,0.2305,-1.4371,1.7024,2.9958
1.1374,0.2305,0.7573,0.5128,0.4734
0.7573,0.5128,-1.4371,1.7024,2.5224
1.1374,0.2305,0.5035,0.6894,0.7827
0.5035,0.6894,-1.4371,1.7024,2.2131
1.1374,0.2305,0.3061,0.8285,1.0242
0.3061,0.8285,-1.4371,1.7024,1.9716
1.1374,0.2305,0.1314,0.9458,1.2346
0.1314,0.9458,-1.4371,1.7024,1.7612
1.1374,0.2305,-0.0786,1.0847,1.4864
-0.0786,1.0847,-1.4371,1.7024,1.5094
1.1374,0.2305,-0.3571,1.2732,1.8226
-0.3571,1.2732,-1.4371,1.7024,1.1732
1.1374,0.2305,-0.6311,1.4539,2.1508
-0.6311,1.4539,-1.4371,1.7024,0.845
1.1374,0.2305,-0.8336,1.4937,2.3572
-0.8336,1.4937,-1.4371,1.7024,0.6386
1.1374,0.2305,-1.0498,1.5649,2.5848
-1.0498,1.5649,-1.4371,1.7024,0.411
1.1374,0.2305,-1.3241,1.6626,2.876
-1.3241,1.6626,-1.4371,1.7024,0.1198
1.1374,0.2305,-1.4371,1.7024,2.9958
1.1257,1.6055,-0.7181,1.8677,1.8628
1.1257,1.6055,0.6752,1.6595,0.4538
0.6752,1.6595,-0.7181,1.8677,1.409
1.1257,1.6055,0.3672,1.7046,0.765
0.3672,1.7046,-0.7181,1.8677,1.0978
1.1257,1.6055,0.1358,1.7361,0.9985
0.1358,1.7361,-0.7181,1.8677,0.8643
1.1257,1.6055,-0.2718,1.7874,1.4094
-0.2718,1.7874,-0.7181,1.8677,0.4534
1.1257,1.6055,-0.7181,1.8677,1.8628
0.5622,1.5468,-1.769,1.323,2.3493
0.5622,1.5468,0.3635,1.5483,0.1987
0.3635,1.5483,-1.769,1.323,2.1506
0.5622,1.5468,-0.0174,1.5285,0.5802
-0.0174,1.5285,-1.769,1.323,1.7691
0.5622,1.5468,-0.357,1.4875,0.9222
-0.357,1.4875,-1.769,1.323,1.4271
0.5622,1.5468,-0.5498,1.4773,1.1152
-0.5498,1.4773,-1.769,1.323,1.2341
0.5622,1.5468,-0.9795,1.4553,1.5455
-0.9795,1.4553,-1.769,1.323,0.8038
0.5622,1.5468,-1.3321,1.4317,1.8989
-1.3321,1.4317,-1.769,1.323,0.4504
0.5622,1.5468,-1.578,1.3652,2.1536
-1.578,1.3652,-1.769,1.323,0.1957
0.5622,1.5468,-1.769,1.323,2.3493
-0.1471,1.8787,1.0534,-0.8264,2.9597
-0.1471,1.8787,-0.0149,1.5914,0.3163
-0.0149,1.5914,1.0534,-0.8264,2.6434
-0.1471,1.8787,0.0833,1.3767,0.5524
0.0833,1.3767,1.0534,-0.8264,2.4074
-0.1471,1.8787,0.2056,1.1017,0.8533
0.2056,1.1017,1.0534,-0.8264,2.1064
-0.1471,1.8787,0.2861,0.9171,1.0548
0.2861,0.9171,1.0534,-0.8264,1.905
-0.1471,1.8787,0.4053,0.644,1.3527
0.4053,0.644,1.0534,-0.8264,1.607
-0.1471,1.8787,0.4745,0.4771,1.5334
0.4745,0.4771,1.0534,-0.8264,1.4263
-0.1471,1.8787,0.658,0.0608,1.9884
0.658,0.0608,1.0534,-0.8264,0.9713
-0.1471,1.8787,0.7811,-0.2156,2.2909
0.7811,-0.2156,1.0534,-0.8264,0.6688
-0.1471,1.8787,0.8767,-0.4321,2.5276
0.8767,-0.4321,1.0534,-0.8264,0.4321
-0.1471,1.8787,1.0031,-0.7212,2.8431
1.0031,-0.7212,1.0534,-0.8264,0.1167
-0.1471,1.8787,1.0534,-0.8264,2.9597
1.6256,0.7893,-0.6184,-0.3868,2.8412
1.6256,0.7893,1.4989,0.6363,0.1987
1.4989,0.6363,-0.6184,-0.3868,2.6425
1.6256,0.7893,1.2749,0.3592,0.555
1.2749,0.3592,-0.6184,-0.3868,2.2861
1.6256,0.7893,0.9566,0.0175,1.022
0.9566,0.0175,-0.6184,-0.3868,1.8192
1.6256,0.7893,0.6734,-0.3061,1.452
0.6734,-0.3061,-0.6184,-0.3868,1.3891
1.6256,0.7893,0.5648,-0.4035,1.5979
0.5648,-0.4035,-0.6184,-0.3868,1.2433
1.6256,0.7893,0.3662,-0.5173,1.8268
0.3662,-0.5173,-0.6184,-0.3868,1.0144
1.6256,0.7893,0.042,-0.5403,2.1518
0.042,-0.5403,-0.6184,-0.3868,0.6894
1.6256,0.7893,-0.1736,-0.5117,2.3693
-0.1736,-0.5117,-0.6184,-0.3868,0.4718
1.6256,0.7893,-0.5511,-0.4439,2.7529
-0.5511,-0.4439,-0.6184,-0.3868,0.0883
1.6256,0.7893,-0.6184,-0.3868,2.8412
-0.5703,0.711,0.9069,1.9632,1.9373
-0.5703,0.711,-0.2539,0.9616,0.4036
-0.2539,0.9616,0.9069,1.9632,1.5337
-0.5703,0.711,-0.1088,1.0784,0.5899
-0.1088,1.0784,0.9069,1.9632,1.3474
-0.5703,0.711,0.1017,1.2592,0.8675
0.1017,1.2592,0.9069,1.9632,1.0698
-0.5703,0.711,0.2721,1.4048,1.0915
0.2721,1.4048,0.9069,1.9632,0.8458
-0.5703,0.711,0.4937,1.5856,1.3776
0.4937,1.5856,0.9069,1.9632,0.5597
-0.5703,0.711,0.7347,1.8094,1.7064
0.7347,1.8094,0.9069,1.9632,0.2309
-0.5703,0.711,0.9069,1.9632,1.9373
0.9355,0.3615,-0.6395,0.3172,1.6889
0.9355,0.3615,0.5118,0.4531,0.4334
0.5118,0.4531,-0.6395,0.3172,1.2554
0.9355,0.3615,0.1168,0.511,0.8327
0.1168,0.511,-0.6395,0.3172,0.8562
0.9355,0.3615,-0.1259,0.5412,1.0773
-0.1259,0.5412,-0.6395,0.3172,0.6116
0.9355,0.3615,-0.2948,0.5614,1.2473
-0.2948,0.5614,-0.6395,0.3172,0.4415
0.9355,0.3615,-0.6002,0.4098,1.5883
-0.6002,0.4098,-0.6395,0.3172,0.1006
0.9355,0.3615,-0.6395,0.3172,1.6889
-0.4184,-0.9173,0.5839,1.5978,2.9424
-0.4184,-0.9173,-0.4183,-0.8676,0.0496
-0.4183,-0.8676,0.5839,1.5978,2.8928
-0.4184,-0.9173,-0.4926,-0.3985,0.5246
-0.4926,-0.3985,0.5839,1.5978,2.4178
-0.4184,-0.9173,-0.5003,-0.0031,0.9201
-0.5003,-0.0031,0.5839,1.5978,2.0224
-0.4184,-0.9173,-0.493,0.3032,1.2265
-0.493,0.3032,0.5839,1.5978,1.7159
-0.4184,-0.9173,-0.4858,0.4495,1.3729
-0.4858,0.4495,0.5839,1.5978,1.5695
-0.4184,-0.9173,-0.216,0.7309,1.7627
-0.216,0.7309,0.5839,1.5978,1.1797
-0.4184,-0.9173,0.0343,0.9914,2.1241
0.0343,0.9914,0.5839,1.5978,0.8183
-0.4184,-0.9173,0.3265,1.3149,2.56
0.3265,1.3149,0.5839,1.5978,0.3824
-0.4184,-0.9173,0.5839,1.5978,2.9424
-0.6491,-0.326,-1.2786,-0.7744,0.773
-0.6491,-0.326,-1.0377,-0.594,0.4721
-1.0377,-0.594,-1.2786,-0.7744,0.301
-0.6491,-0.326,-1.2786,-0.7744,0.773
-1.1038,-0.5129,1.779,1.3073,3.7414
-1.1038,-0.5129,-0.9259,-0.2417,0.3243
-0.9259,-0.2417,1.779,1.3073,3.4171
-1.1038,-0.5129,-0.7333,0.0536,0.6769
-0.7333,0.0536,1.779,1.3073,3.0645
-1.1038,-0.5129,-0.5171,0.4141,1.0973
-0.5171,0.4141,1.779,1.3073,2.6442
-1.1038,-0.5129,-0.3968,0.5147,1.2541
-0.3968,0.5147,1.779,1.3073,2.4873
-1.1038,-0.5129,-0.2701,0.6039,1.4091
-0.2701,0.6039,1.779,1.3073,2.3323
-1.1038,-0.5129,0.0367,0.8764,1.8194
0.0367,0.8764,1.779,1.3073,1.9221
-1.1038,-0.5129,0.4008,1.1671,2.2854
0.4008,1.1671,1.779,1.3073,1.4561
-1.1038,-0.5129,0.516,1.2595,2.433
0.516,1.2595,1.779,1.3073,1.3084
-1.1038,-0.5129,0.6587,1.3758,2.6171
0.6587,1.3758,1.779,1.3073,1.1243
-1.1038,-0.5129,0.9848,1.3769,2.9431
0.9848,1.3769,1.779,1.3073,0.7983
-1.1038,-0.5129,1.4278,1.3581,3.3866
1.4278,1.3581,1.779,1.3073,0.3548
-1.1038,-0.5129,1.779,1.3073,3.7414
-0.289,-0.6748,-1.6647,-0.68,1.3762
-0.289,-0.6748,-0.6337,-0.6744,0.3447
-0.6337,-0.6744,-1.6647,-0.68,1.0315
-0.289,-0.6748,-1.0407,-0.6725,0.7517
-1.0407,-0.6725,-1.6647,-0.68,0.6245
-0.289,-0.6748,-1.4374,-0.6656,1.1485
-1.4374,-0.6656,-1.6647,-0.68,0.2278
-0.289,-0.6748,-1.6647,-0.68,1.3762
0.8191,0.3289,-0.1295,1.8514,1.7944
0.8191,0.3289,0.5886,0.706,0.442
0.5886,0.706,-0.1295,1.8514,1.3524
0.8191,0.3289,0.415,0.9994,0.7828
0.415,0.9994,-0.1295,1.8514,1.0115
0.8191,0.3289,0.1808,1.3851,1.2341
0.1808,1.3851,-0.1295,1.8514,0.5603
0.8191,0.3289,0.0754,1.5333,1.416
0.0754,1.5333,-0.1295,1.8514,0.3784
0.8191,0.3289,-0.1295,1.8514,1.7944
0.2066,-0.6242,-0.7746,-0.8585,1.009
0.2066,-0.6242,0.0295,-0.6728,0.1836
0.0295,-0.6728,-0.7746,-0.8585,0.8254
0.2066,-0.6242,-0.2647,-0.748,0.4872
-0.2647,-0.748,-0.7746,-0.8585,0.5218
0.2066,-0.6242,-0.6067,-0.8218,0.8371
-0.6067,-0.8218,-0.7746,-0.8585,0.1719
0.2066,-0.6242,-0.7746,-0.8585,1.009
1.4436,1.8215,-0.3728,0.8199,2.075
1.4436,1.8215,1.035,1.5783,0.4754
1.035,1.5783,-0.3728,0.8199,1.5995
1.4436,1.8215,0.7013,1.3969,0.8553
0.7013,1.3969,-0.3728,0.8199,1.2196
1.4436,1.8215,0.2679,1.1677,1.3455
0.2679,1.1677,-0.3728,0.8199,0.7294
1.4436,1.8215,-0.0393,0.9864,1.7022
-0.0393,0.9864,-0.3728,0.8199,0.3727
1.4436,1.8215,-0.3728,0.8199,2.075
0.5128,0.6809,-1.6147,0.4465,2.1407
0.5128,0.6809,0.061,0.6232,0.4555
0.061,0.6232,-1.6147,0.4465,1.6852
0.5128,0.6809,-0.311,0.5748,0.8306
-0.311,0.5748,-1.6147,0.4465,1.3101
0.5128,0.6809,-0.6385,0.541,1.1598
-0.6385,0.541,-1.6147,0.4465,0.9809
0.5128,0.6809,-1.1057,0.4893,1.6299
-1.1057,0.4893,-1.6147,0.4465,0.5108
0.5128,0.6809,-1.3571,0.4647,1.8825
-1.3571,0.4647,-1.6147,0.4465,0.2582
0.5128,0.6809,-1.6147,0.4465,2.1407
-0.4446,1.4259,-1.4269,-0.833,2.5134
-0.4446,1.4259,-0.4732,1.2018,0.2259
-0.4732,1.2018,-1.4269,-0.833,2.2876
-0.4446,1.4259,-0.4933,1.0269,0.4019
-0.4933,1.0269,-1.4269,-0.833,2.1115
-0.4446,1.4259,-0.5163,0.6982,0.7314
-0.5163,0.6982,-1.4269,-0.833,1.782
-0.4446,1.4259,-0.6974,0.3912,1.0878
-0.6974,0.3912,-1.4269,-0.833,1.4256
-0.4446,1.4259,-0.7706,0.2569,1.2409
-0.7706,0.2569,-1.4269,-0.833,1.2726
-0.4446,1.4259,-0.9536,-0.0711,1.6164
-0.9536,-0.0711,-1.4269,-0.833,0.897
-0.4446,1.4259,-1.1852,-0.4536,2.0636
-1.1852,-0.4536,-1.4269,-0.833,0.4498
-0.4446,1.4259,-1.4269,-0.833,2.5134
-1.9568,0.9232,1.5601,0.3638,3.6221
-1.9568,0.9232,-1.7255,0.7857,0.2691
-1.7255,0.7857,1.5601,0.3638,3.3531
-1.9568,0.9232,-1.4055,0.5839,0.6474
-1.4055,0.5839,1.5601,0.3638,2.9747
-1.9568,0.9232,-1.028,0.5735,1.025
-1.028,0.5735,1.5601,0.3638,2.5971
-1.9568,0.9232,-0.7685,0.5601,1.2849
-0.7685,0.5601,1.5601,0.3638,2.3372
-1.9568,0.9232,-0.497,0.5465,1.5567
-0.497,0.5465,1.5601,0.3638,2.0654
-1.9568,0.9232,-0.1663,0.521,1.8885
-0.1663,0.521,1.5601,0.3638,1.7337
-1.9568,0.9232,0.1071,0.4979,2.1627
0.1071,0.4979,1.5601,0.3638,1.4594
-1.9568,0.9232,0.281,0.4866,2.337
0.281,0.4866,1.5601,0.3638,1.2851
-1.9568,0.9232,0.6701,0.4459,2.7283
0.6701,0.4459,1.5601,0.3638,0.8939
-1.9568,0.9232,1.1241,0.4109,3.1836
1.1241,0.4109,1.5601,0.3638,0.4385
-1.9568,0.9232,1.5601,0.3638,3.6221
-1.0816,1.458,0.5149,1.9864,1.682
-1.0816,1.458,-0.6367,1.6016,0.4675
-0.6367,1.6016,0.5149,1.9864,1.2145
-1.0816,1.458,-0.1986,1.7352,0.9255
-0.1986,1.7352,0.5149,1.9864,0.7565
-1.0816,1.458,0.0787,1.8337,1.2198
0.0787,1.8337,0.5149,1.9864,0.4622
-1.0816,1.458,0.5149,1.9864,1.682
-1.9457,-0.1491,0.5626,-0.7733,2.5852
-1.9457,-0.1491,-1.8487,-0.1733,0.1
-1.8487,-0.1733,0.5626,-0.7733,2.4852
-1.9457,-0.1491,-1.4794,-0.268,0.4812
-1.4794,-0.268,0.5626,-0.7733,2.1041
-1.9457,-0.1491,-1.1241,-0.3604,0.8484
-1.1241,-0.3604,0.5626,-0.7733,1.7369
-1.9457,-0.1491,-0.7464,-0.4429,1.235
-0.7464,-0.4429,0.5626,-0.7733,1.3502
-1.9457,-0.1491,-0.49,-0.498,1.4972
-0.49,-0.498,0.5626,-0.7733,1.088
-1.9457,-0.1491,-0.0304,-0.6195,1.9726
-0.0304,-0.6195,0.5626,-0.7733,0.6126
-1.9457,-0.1491,0.3174,-0.7111,2.3322
0.3174,-0.7111,0.5626,-0.7733,0.253
-1.9457,-0.1491,0.5626,-0.7733,2.5852
-1.9296,-0.5355,-1.8284,0.2102,0.7529
-1.9296,-0.5355,-1.9213,-0.4867,0.0495
-1.9213,-0.4867,-1.8284,0.2102,0.7034
-1.9296,-0.5355,-1.8684,-0.0193,0.5199
-1.8684,-0.0193,-1.8284,0.2102,0.233
-1.9296,-0.5355,-1.8284,0.2102,0.7529
-1.5529,-0.1425,-1.8382,-0.7802,0.6986
-1.5529,-0.1425,-1.6346,-0.3251,0.2
-1.6346,-0.3251,-1.8382,-0.7802,0.4986
-1.5529,-0.1425,-1.8382,-0.7802,0.6986
-0.3402,-0.8728,0.4815,1.3502,2.6612
-0.3402,-0.8728,-0.4074,-0.6764,0.2076
-0.4074,-0.6764,0.4815,1.3502,2.4535
-0.3402,-0.8728,-0.4781,-0.3931,0.4996
-0.4781,-0.3931,0.4815,1.3502,2.1615
-0.3402,-0.8728,-0.4689,0.1034,0.9962
-0.4689,0.1034,0.4815,1.3502,1.6649
-0.3402,-0.8728,-0.4814,0.4468,1.3399
-0.4814,0.4468,0.4815,1.3502,1.3213
-0.3402,-0.8728,-0.3444,0.5821,1.5324
-0.3444,0.5821,0.4815,1.3502,1.1287
-0.3402,-0.8728,-0.2019,0.7356,1.7418
-0.2019,0.7356,0.4815,1.3502,0.9194
-0.3402,-0.8728,-0.0058,0.9219,2.0123
-0.0058,0.9219,0.4815,1.3502,0.6488
-0.3402,-0.8728,0.2168,1.1247,2.3134
0.2168,1.1247,0.4815,1.3502,0.3477
-0.3402,-0.8728,0.4815,1.3502,2.6612
-1.0974,1.781,-0.689,-0.0883,2.1572
-1.0974,1.781,-0.7245,1.5283,0.4506
-0.7245,1.5283,-0.689,-0.0883,1.7066
-1.0974,1.781,-0.553,1.3792,0.6778
-0.553,1.3792,-0.689,-0.0883,1.4794
-1.0974,1.781,-0.5617,1.0454,1.0117
-0.5617,1.0454,-0.689,-0.0883,1.1455
-1.0974,1.781,-0.5512,0.7413,1.3159
-0.5512,0.7413,-0.689,-0.0883,0.8412
-1.0974,1.781,-0.6058,0.3531,1.708
-0.6058,0.3531,-0.689,-0.0883,0.4492
-1.0974,1.781,-0.689,-0.0883,2.1572
-1.2864,-0.7855,0.6742,1.6714,3.1576
-1.2864,-0.7855,-1.1818,-0.6167,0.1986
-1.1818,-0.6167,0.6742,1.6714,2.959
-1.2864,-0.7855,-1.0045,-0.329,0.5366
-1.0045,-0.329,0.6742,1.6714,2.621
-1.2864,-0.7855,-0.8504,-0.0975,0.8146
-0.8504,-0.0975,0.6742,1.6714,2.3429
-1.2864,-0.7855,-0.6448,0.2466,1.2155
-0.6448,0.2466,0.6742,1.6714,1.9421
-1.2864,-0.7855,-0.3953,0.5374,1.5986
-0.3953,0.5374,0.6742,1.6714,1.5589
-1.2864,-0.7855,-0.1006,0.8565,2.0331
-0.1006,0.8565,0.6742,1.6714,1.1245
-1.2864,-0.7855,0.1101,1.0735,2.3355
0.1101,1.0735,0.6742,1.6714,0.8221
-1.2864,-0.7855,0.2002,1.1676,2.4657
0.2002,1.1676,0.6742,1.6714,0.6918
-1.2864,-0.7855,0.5278,1.5187,2.946
0.5278,1.5187,0.6742,1.6714,0.2116
-1.2864,-0.7855,0.6742,1.6714,3.1576
1.6064,0.4637,1.7742,-0.7664,1.2416
1.6064,0.4637,1.672,0.0423,0.4264
1.672,0.0423,1.7742,-0.7664,0.8152
1.6064,0.4637,1.723,-0.4089,0.8806
1.723,-0.4089,1.7742,-0.7664,0.3611
1.6064,0.4637,1.7742,-0.7664,1.2416
-1.5431,1.5451,-0.9958,-0.6636,2.2862
-1.5431,1.5451,-1.4616,1.0524,0.4994
-1.4616,1.0524,-0.9958,-0.6636,1.7868
-1.5431,1.5451,-1.4181,0.6135,0.9405
-1.4181,0.6135,-0.9958,-0.6636,1.3457
-1.5431,1.5451,-1.4007,0.537,1.0189
-1.4007,0.537,-0.9958,-0.6636,1.2673
-1.5431,1.5451,-1.2677,0.1693,1.4099
-1.2677,0.1693,-0.9958,-0.6636,0.8763
-1.5431,1.5451,-1.193,-0.0803,1.6705
-1.193,-0.0803,-0.9958,-0.6636,0.6157
-1.5431,1.5451,-1.1076,-0.3377,1.9417
-1.1076,-0.3377,-0.9958,-0.6636,0.3445
-1.5431,1.5451,-0.9958,-0.6636,2.2862
-1.0545,-0.9546,1.2222,1.529,3.5851
-1.0545,-0.9546,-0.9053,-0.5639,0.4182
-0.9053,-0.5639,1.2222,1.529,3.1669
-1.0545,-0.9546,-0.736,-0.0981,0.9139
-0.736,-0.0981,1.2222,1.529,2.6712
-1.0545,-0.9546,-0.579,0.2817,1.3248
-0.579,0.2817,1.2222,1.529,2.2603
-1.0545,-0.9546,-0.5289,0.4106,1.4631
-0.5289,0.4106,1.2222,1.529,2.122
-1.0545,-0.9546,-0.4137,0.4979,1.6076
-0.4137,0.4979,1.2222,1.529,1.9775
-1.0545,-0.9546,-0.1385,0.7281,1.9665
-0.1385,0.7281,1.2222,1.529,1.6186
-1.0545,-0.9546,0.0387,0.8765,2.1976
0.0387,0.8765,1.2222,1.529,1.3875
-1.0545,-0.9546,0.3478,1.1293,2.5969
0.3478,1.1293,1.2222,1.529,0.9882
-1.0545,-0.9546,0.4222,1.1899,2.6929
0.4222,1.1899,1.2222,1.529,0.8922
-1.0545,-0.9546,0.6874,1.4092,3.0369
0.6874,1.4092,1.2222,1.529,0.5482
-1.0545,-0.9546,0.9665,1.4776,3.3243
0.9665,1.4776,1.2222,1.529,0.2608
-1.0545,-0.9546,1.2222,1.529,3.5851
1.7582,0.6796,0.406,-0.9007,2.0809
1.7582,0.6796,1.5152,0.3644,0.398
1.5152,0.3644,0.406,-0.9007,1.6828
1.7582,0.6796,1.2473,0.0418,0.8173
1.2473,0.0418,0.406,-0.9007,1.2636
1.7582,0.6796,1.0653,-0.1703,1.0968
1.0653,-0.1703,0.406,-0.9007,0.984
1.7582,0.6796,0.92,-0.3404,1.3205
0.92,-0.3404,0.406,-0.9007,0.7604
1.7582,0.6796,0.6282,-0.6547,1.7494
0.6282,-0.6547,0.406,-0.9007,0.3315
1.7582,0.6796,0.406,-0.9007,2.0809
1.5079,-0.2945,-1.6715,-0.4002,3.1961
1.5079,-0.2945,1.0559,-0.3629,0.4572
1.0559,-0.3629,-1.6715,-0.4002,2.7389
1.5079,-0.2945,0.708,-0.4127,0.8086
0.708,-0.4127,-1.6715,-0.4002,2.3875
1.5079,-0.2945,0.4233,-0.4678,1.0986
0.4233,-0.4678,-1.6715,-0.4002,2.0976
1.5079,-0.2945,0.2317,-0.4734,1.2903
0.2317,-0.4734,-1.6715,-0.4002,1.9058
1.5079,-0.2945,-0.1208,-0.4704,1.6428
-0.1208,-0.4704,-1.6715,-0.4002,1.5534
1.5079,-0.2945,-0.4231,-0.4725,1.945
-0.4231,-0.4725,-1.6715,-0.4002,1.2511
1.5079,-0.2945,-0.7339,-0.465,2.2559
-0.7339,-0.465,-1.6715,-0.4002,0.9402
1.5079,-0.2945,-1.0485,-0.4535,2.5708
-1.0485,-0.4535,-1.6715,-0.4002,0.6253
1.5079,-0.2945,-1.3517,-0.4234,2.8754
-1.3517,-0.4234,-1.6715,-0.4002,0.3207
1.5079,-0.2945,-1.6715,-0.4002,3.1961
-1.7448,0.9122,-1.769,-0.4734,1.3859
-1.7448,0.9122,-1.7489,0.56,0.3523
-1.7489,0.56,-1.769,-0.4734,1.0336
-1.7448,0.9122,-1.7516,0.2801,0.6321
-1.7516,0.2801,-1.769,-0.4734,0.7538
-1.7448,0.9122,-1.7551,-0.0495,0.9617
-1.7551,-0.0495,-1.769,-0.4734,0.4242
-1.7448,0.9122,-1.7589,-0.1529,1.0652
-1.7589,-0.1529,-1.769,-0.4734,0.3207
-1.7448,0.9122,-1.769,-0.4734,1.3859
0.62,-0.8527,0.2324,1.3231,2.2167
0.62,-0.8527,0.6053,-0.6105,0.2426
0.6053,-0.6105,0.2324,1.3231,1.9741
0.62,-0.8527,0.5651,-0.2803,0.5754
0.5651,-0.2803,0.2324,1.3231,1.6414
0.62,-0.8527,0.5396,-0.0483,0.8087
0.5396,-0.0483,0.2324,1.3231,1.408
0.62,-0.8527,0.4734,0.428,1.2896
0.4734,0.428,0.2324,1.3231,0.9272
0.62,-0.8527,0.4228,0.6391,1.5067
0.4228,0.6391,0.2324,1.3231,0.7101
0.62,-0.8527,0.3224,1.0149,1.8956
0.3224,1.0149,0.2324,1.3231,0.3211
0.62,-0.8527,0.2324,1.3231,2.2167
0.8851,1.6089,0.0468,1.7057,0.8439
0.8851,1.6089,0.8318,1.6165,0.0539
0.8318,1.6165,0.0468,1.7057,0.79
0.8851,1.6089,0.4445,1.6567,0.4432
0.4445,1.6567,0.0468,1.7057,0.4007
0.8851,1.6089,0.1323,1.6968,0.758
0.1323,1.6968,0.0468,1.7057,0.0859
0.8851,1.6089,0.0468,1.7057,0.8439
1.2199,0.0398,1.6863,1.1408,1.1958
1.2199,0.0398,1.3359,0.311,0.295
1.3359,0.311,1.6863,1.1408,0.9007
1.2199,0.0398,1.4879,0.6651,0.6803
1.4879,0.6651,1.6863,1.1408,0.5154
1.2199,0.0398,1.6482,1.0444,1.0921
1.6482,1.0444,1.6863,1.1408,0.1036
1.2199,0.0398,1.6863,1.1408,1.1958
0.8674,-0.4068,-1.2259,0.0924,2.2813
0.8674,-0.4068,0.7667,-0.4229,0.102
0.7667,-0.4229,-1.2259,0.0924,2.1793
0.8674,-0.4068,0.4482,-0.4711,0.4242
0.4482,-0.4711,-1.2259,0.0924,1.8571
0.8674,-0.4068,0.0999,-0.4772,0.7725
0.0999,-0.4772,-1.2259,0.0924,1.5088
0.8674,-0.4068,-0.2789,-0.4668,1.1515
-0.2789,-0.4668,-1.2259,0.0924,1.1298
0.8674,-0.4068,-0.4621,-0.4664,1.3346
-0.4621,-0.4664,-1.2259,0.0924,0.9467
0.8674,-0.4068,-0.7573,-0.2642,1.6924
-0.7573,-0.2642,-1.2259,0.0924,0.5888
0.8674,-0.4068,-1.0743,-0.0226,2.091
-1.0743,-0.0226,-1.2259,0.0924,0.1903
0.8674,-0.4068,-1.2259,0.0924,2.2813
0.7276,-0.3396,-1.9587,-0.3101,2.7259
0.7276,-0.3396,0.4895,-0.4628,0.2681
0.4895,-0.4628,-1.9587,-0.3101,2.4578
0.7276,-0.3396,0.1269,-0.4615,0.6307
0.1269,-0.4615,-1.9587,-0.3101,2.0952
0.7276,-0.3396,0.0222,-0.4656,0.7355
0.0222,-0.4656,-1.9587,-0.3101,1.9905
0.7276,-0.3396,-0.3072,-0.4694,1.065
-0.3072,-0.4694,-1.9587,-0.3101,1.661
0.7276,-0.3396,-0.4397,-0.4698,1.1974
-0.4397,-0.4698,-1.9587,-0.3101,1.5285
0.7276,-0.3396,-0.7229,-0.4216,1.4847
-0.7229,-0.4216,-1.9587,-0.3101,1.2413
0.7276,-0.3396,-0.8606,-0.411,1.6228
-0.8606,-0.411,-1.9587,-0.3101,1.1031
0.7276,-0.3396,-1.3341,-0.3803,2.0973
-1.3341,-0.3803,-1.9587,-0.3101,0.6286
0.7276,-0.3396,-1.6023,-0.3559,2.3666
-1.6023,-0.3559,-1.9587,-0.3101,0.3593
0.7276,-0.3396,-1.9587,-0.3101,2.7259
-1.8181,1.9632,-0.1309,0.464,2.4106
-1.8181,1.9632,-1.7327,1.9358,0.0897
-1.7327,1.9358,-0.1309,0.464,2.321
-1.8181,1.9632,-1.4286,1.8073,0.4199
-1.4286,1.8073,-0.1309,0.464,1.9908
-1.8181,1.9632,-1.2255,1.7302,0.6371
-1.2255,1.7302,-0.1309,0.464,1.7735
-1.8181,1.9632,-0.9599,1.6059,0.9303
-0.9599,1.6059,-0.1309,0.464,1.4803
-1.8181,1.9632,-0.6211,1.4576,1.3002
-0.6211,1.4576,-0.1309,0.464,1.1105
-1.8181,1.9632,-0.5514,1.366,1.4153
-0.5514,1.366,-0.1309,0.464,0.9953
-1.8181,1.9632,-0.4407,1.1088,1.6952
-0.4407,1.1088,-0.1309,0.464,0.7154
-1.8181,1.9632,-0.3566,0.9351,1.8882
-0.3566,0.9351,-0.1309,0.464,0.5224
-1.8181,1.9632,-0.2149,0.6389,2.2167
-0.2149,0.6389,-0.1309,0.464,0.194
-1.8181,1.9632,-0.1309,0.464,2.4106
1.0419,1.4706,1.874,0.5213,1.3267
1.0419,1.4706,1.3457,1.3822,0.3164
1.3457,1.3822,1.874,0.5213,1.0102
1.0419,1.4706,1.5575,1.0561,0.7053
1.5575,1.0561,1.874,0.5213,0.6214
1.0419,1.4706,1.7501,0.7308,1.0833
1.7501,0.7308,1.874,0.5213,0.2434
1.0419,1.4706,1.874,0.5213,1.3267
-0.4224,1.4198,0.5112,1.5647,0.9449
-0.4224,1.4198,-0.2581,1.4433,0.166
-0.2581,1.4433,0.5112,1.5647,0.7789
-0.4224,1.4198,0.0701,1.499,0.4989
0.0701,1.499,0.5112,1.5647,0.446
-0.4224,1.4198,0.3226,1.5349,0.7539
0.3226,1.5349,0.5112,1.5647,0.191
-0.4224,1.4198,0.5112,1.5647,0.9449
-1.2621,0.4868,0.2554,1.4797,1.9169
-1.2621,0.4868,-0.81,0.5307,0.4542
-0.81,0.5307,0.2554,1.4797,1.4627
-1.2621,0.4868,-0.6472,0.5507,0.6183
-0.6472,0.5507,0.2554,1.4797,1.2986
-1.2621,0.4868,-0.558,0.6077,0.7241
-0.558,0.6077,0.2554,1.4797,1.1928
-1.2621,0.4868,-0.402,0.781,0.9572
-0.402,0.781,0.2554,1.4797,0.9597
-1.2621,0.4868,-0.1563,1.0594,1.3286
-0.1563,1.0594,0.2554,1.4797,0.5883
-1.2621,0.4868,0.0551,1.2779,1.6326
0.0551,1.2779,0.2554,1.4797,0.2843
-1.2621,0.4868,0.2554,1.4797,1.9169
-1.8313,0.7368,-0.7211,-0.1048,1.3933
-1.8313,0.7368,-1.4435,0.4386,0.4892
-1.4435,0.4386,-0.7211,-0.1048,0.9041
-1.8313,0.7368,-1.169,0.2268,0.836
-1.169,0.2268,-0.7211,-0.1048,0.5573
-1.8313,0.7368,-1.0349,0.1317,1.0004
-1.0349,0.1317,-0.7211,-0.1048,0.3929
-1.8313,0.7368,-0.7423,-0.0869,1.3656
-0.7423,-0.0869,-0.7211,-0.1048,0.0277
-1.8313,0.7368,-0.7211,-0.1048,1.3933
-1.4421,1.459,-0.131,1.4114,1.312
-1.4421,1.459,-0.9465,1.4425,0.4959
-0.9465,1.4425,-0.131,1.4114,0.8162
-1.4421,1.459,-0.6527,1.4355,0.7897
-0.6527,1.4355,-0.131,1.4114,0.5223
-1.4421,1.459,-0.3942,1.4276,1.0483
-0.3942,1.4276,-0.131,1.4114,0.2637
-1.4421,1.459,-0.131,1.4114,1.312
-1.7485,1.9078,-1.1292,-0.4055,2.3955
-1.7485,1.9078,-1.644,1.464,0.4559
-1.644,1.464,-1.1292,-0.4055,1.9396
-1.7485,1.9078,-1.5246,0.9853,0.9493
-1.5246,0.9853,-1.1292,-0.4055,1.4462
-1.7485,1.9078,-1.4525,0.6998,1.2438
-1.4525,0.6998,-1.1292,-0.4055,1.1517
-1.7485,1.9078,-1.3813,0.4707,1.4837
-1.3813,0.4707,-1.1292,-0.4055,0.9118
-1.7485,1.9078,-1.2922,0.1652,1.8019
-1.2922,0.1652,-1.1292,-0.4055,0.5936
-1.7485,1.9078,-1.1998,-0.1716,2.1511
-1.1998,-0.1716,-1.1292,-0.4055,0.2444
-1.7485,1.9078,-1.1292,-0.4055,2.3955
1.9066,0.3499,-0.9601,0.312,2.8989
1.9066,0.3499,1.5742,0.3728,0.3332
1.5742,0.3728,-0.9601,0.312,2.5657
1.9066,0.3499,1.0824,0.4215,0.8274
1.0824,0.4215,-0.9601,0.312,2.0715
1.9066,0.3499,0.8112,0.4455,1.0996
0.8112,0.4455,-0.9601,0.312,1.7993
1.9066,0.3499,0.4588,0.4705,1.4529
0.4588,0.4705,-0.9601,0.312,1.446
1.9066,0.3499,0.2579,0.4816,1.6541
0.2579,0.4816,-0.9601,0.312,1.2448
1.9066,0.3499,-0.1175,0.4998,2.0299
-0.1175,0.4998,-0.9601,0.312,0.869
1.9066,0.3499,-0.2703,0.4907,2.1831
-0.2703,0.4907,-0.9601,0.312,0.7158
1.9066,0.3499,-0.6138,0.4369,2.5307
-0.6138,0.4369,-0.9601,0.312,0.3682
1.9066,0.3499,-0.9601,0.312,2.8989
0.085,-0.5337,-0.0715,1.1032,2.1744
0.085,-0.5337,0.4672,-0.4811,0.3858
0.4672,-0.4811,-0.0715,1.1032,1.7886
0.085,-0.5337,0.4761,-0.2106,0.6564
0.4761,-0.2106,-0.0715,1.1032,1.5179
0.085,-0.5337,0.4805,0.0321,0.8992
0.4805,0.0321,-0.0715,1.1032,1.2752
0.085,-0.5337,0.4928,0.4189,1.2862
0.4928,0.4189,-0.0715,1.1032,0.8882
0.085,-0.5337,0.3339,0.6436,1.5613
0.3339,0.6436,-0.0715,1.1032,0.6131
0.085,-0.5337,0.1589,0.8542,1.8351
0.1589,0.8542,-0.0715,1.1032,0.3392
0.085,-0.5337,-0.0715,1.1032,2.1744
1.4444,0.3427,-1.0525,0.0668,2.6311
1.4444,0.3427,1.1034,0.3885,0.3441
1.1034,0.3885,-1.0525,0.0668,2.2871
1.4444,0.3427,0.6471,0.4534,0.805
0.6471,0.4534,-1.0525,0.0668,1.8262
1.4444,0.3427,0.2425,0.4845,1.2108
0.2425,0.4845,-1.0525,0.0668,1.4204
1.4444,0.3427,0.1067,0.495,1.3469
0.1067,0.495,-1.0525,0.0668,1.2842
1.4444,0.3427,-0.2475,0.4881,1.7012
-0.2475,0.4881,-1.0525,0.0668,0.9299
1.4444,0.3427,-0.4284,0.4796,1.8823
-0.4284,0.4796,-1.0525,0.0668,0.7489
1.4444,0.3427,-0.847,0.2186,2.3756
-0.847,0.2186,-1.0525,0.0668,0.2555
1.4444,0.3427,-1.0525,0.0668,2.6311
-0.6867,-0.3762,1.7527,-0.3999,2.4649
-0.6867,-0.3762,-0.3959,-0.4925,0.3131
-0.3959,-0.4925,1.7527,-0.3999,2.1517
-0.6867,-0.3762,-0.1415,-0.4692,0.5686
-0.1415,-0.4692,1.7527,-0.3999,1.8962
-0.6867,-0.3762,0.0441,-0.4762,0.7544
0.0441,-0.4762,1.7527,-0.3999,1.7105
-0.6867,-0.3762,0.361,-0.4646,1.0715
0.361,-0.4646,1.7527,-0.3999,1.3934
-0.6867,-0.3762,0.7222,-0.4482,1.4331
0.7222,-0.4482,1.7527,-0.3999,1.0318
-0.6867,-0.3762,0.8981,-0.4451,1.609
0.8981,-0.4451,1.7527,-0.3999,0.8559
-0.6867,-0.3762,1.394,-0.415,2.1058
1.394,-0.415,1.7527,-0.3999,0.359
-0.6867,-0.3762,1.7527,-0.3999,2.4649
0.5506,-0.7874,1.5133,0.8394,1.8907
0.5506,-0.7874,0.7664,-0.3951,0.4477
0.7664,-0.3951,1.5133,0.8394,1.443
0.5506,-0.7874,0.9176,-0.1313,0.7518
0.9176,-0.1313,1.5133,0.8394,1.1389
0.5506,-0.7874,1.1208,0.1975,1.1383
1.1208,0.1975,1.5133,0.8394,0.7524
0.5506,-0.7874,1.3684,0.5984,1.6095
1.3684,0.5984,1.5133,0.8394,0.2812
0.5506,-0.7874,1.5133,0.8394,1.8907
-1.5028,0.3129,-0.5426,-0.0952,1.0434
-1.5028,0.3129,-1.3167,0.2318,0.2031
-1.3167,0.2318,-0.5426,-0.0952,0.8404
-1.5028,0.3129,-0.9676,0.0881,0.5805
-0.9676,0.0881,-0.5426,-0.0952,0.4629
-1.5028,0.3129,-0.5426,-0.0952,1.0434
-1.8067,-0.9808,0.9668,1.809,3.9383
-1.8067,-0.9808,-1.4817,-0.653,0.4616
-1.4817,-0.653,0.9668,1.809,3.4767
-1.8067,-0.9808,-1.1858,-0.3318,0.8983
-1.1858,-0.3318,0.9668,1.809,3.04
-1.8067,-0.9808,-0.9503,-0.0767,1.2456
-0.9503,-0.0767,0.9668,1.809,2.6928
-1.8067,-0.9808,-0.7566,0.1179,1.5201
-0.7566,0.1179,0.9668,1.809,2.4182
-1.8067,-0.9808,-0.459,0.4768,1.9863
-0.459,0.4768,0.9668,1.809,1.952
-1.8067,-0.9808,-0.1781,0.7222,2.3593
-0.1781,0.7222,0.9668,1.809,1.579
-1.8067,-0.9808,-0.0059,0.87,2.5863
-0.0059,0.87,0.9668,1.809,1.352
-1.8067,-0.9808,0.1211,0.9937,2.7635
0.1211,0.9937,0.9668,1.809,1.1748
-1.8067,-0.9808,0.2815,1.1533,2.9898
0.2815,1.1533,0.9668,1.809,0.9485
-1.8067,-0.9808,0.5284,1.3897,3.3316
0.5284,1.3897,0.9668,1.809,0.6067
-1.8067,-0.9808,0.6657,1.5235,3.5234
0.6657,1.5235,0.9668,1.809,0.4149
-1.8067,-0.9808,0.9668,1.809,3.9383
1.9277,1.5021,1.4459,-0.3611,1.9247
1.9277,1.5021,1.8152,1.0784,0.4384
1.8152,1.0784,1.4459,-0.3611,1.4863
1.9277,1.5021,1.7956,1.0139,0.5059
1.7956,1.0139,1.4459,-0.3611,1.4189
1.9277,1.5021,1.7185,0.6846,0.844
1.7185,0.6846,1.4459,-0.3611,1.0807
1.9277,1.5021,1.6442,0.3813,1.1563
1.6442,0.3813,1.4459,-0.3611,0.7684
1.9277,1.5021,1.5196,-0.1021,1.6555
1.5196,-0.1021,1.4459,-0.3611,0.2692
1.9277,1.5021,1.4459,-0.3611,1.9247
0.5222,0.6573,1.674,0.2413,1.2248
0.5222,0.6573,0.8658,0.5263,0.3678
0.8658,0.5263,1.674,0.2413,0.857
0.5222,0.6573,1.2446,0.3952,0.7686
1.2446,0.3952,1.674,0.2413,0.4561
0.5222,0.6573,1.4591,0.3174,0.9968
1.4591,0.3174,1.674,0.2413,0.228
0.5222,0.6573,1.674,0.2413,1.2248
1.0725,-0.7598,-1.2559,-0.2687,2.3812
1.0725,-0.7598,0.5966,-0.6752,0.4834
0.5966,-0.6752,-1.2559,-0.2687,1.8978
1.0725,-0.7598,0.27,-0.6126,0.8159
0.27,-0.6126,-1.2559,-0.2687,1.5652
1.0725,-0.7598,-0.1655,-0.5308,1.2591
-0.1655,-0.5308,-1.2559,-0.2687,1.1221
1.0725,-0.7598,-0.6444,-0.4287,1.7487
-0.6444,-0.4287,-1.2559,-0.2687,0.6324
1.0725,-0.7598,-0.7874,-0.4012,1.8943
-0.7874,-0.4012,-1.2559,-0.2687,0.4869
1.0725,-0.7598,-1.2559,-0.2687,2.3812
0.6333,0.3542,-1.5841,0.6648,2.2805
0.6333,0.3542,0.4767,0.4573,0.1874
0.4767,0.4573,-1.5841,0.6648,2.0931
0.6333,0.3542,0.2799,0.4902,0.3869
0.2799,0.4902,-1.5841,0.6648,1.8936
0.6333,0.3542,0.092,0.4854,0.575
0.092,0.4854,-1.5841,0.6648,1.7055
0.6333,0.3542,-0.3151,0.484,0.982
-0.3151,0.484,-1.5841,0.6648,1.2985
0.6333,0.3542,-0.5827,0.4962,1.2499
-0.5827,0.4962,-1.5841,0.6648,1.0306
0.6333,0.3542,-0.747,0.5132,1.4151
-0.747,0.5132,-1.5841,0.6648,0.8654
0.6333,0.3542,-1.2053,0.5474,1.8747
-1.2053,0.5474,-1.5841,0.6648,0.4058
0.6333,0.3542,-1.3977,0.562,2.0676
-1.3977,0.562,-1.5841,0.6648,0.2129
0.6333,0.3542,-1.5841,0.6648,2.2805
0.018,1.1145,-0.6641,0.4528,0.9503
0.018,1.1145,-0.236,0.8673,0.3544
-0.236,0.8673,-0.6641,0.4528,0.5959
0.018,1.1145,-0.3795,0.7269,0.5552
-0.3795,0.7269,-0.6641,0.4528,0.3951
0.018,1.1145,-0.6641,0.4528,0.9503
-1.8097,-0.3085,-0.3438,1.4145,2.3917
-1.8097,-0.3085,-1.5942,-0.1523,0.2661
-1.5942,-0.1523,-0.3438,1.4145,2.1257
-1.8097,-0.3085,-1.3253,0.0476,0.6012
-1.3253,0.0476,-0.3438,1.4145,1.7906
-1.8097,-0.3085,-0.9967,0.2848,1.0064
-0.9967,0.2848,-0.3438,1.4145,1.3853
-1.8097,-0.3085,-0.7112,0.4908,1.3585
-0.7112,0.4908,-0.3438,1.4145,1.0332
-1.8097,-0.3085,-0.5541,0.5996,1.5495
-0.5541,0.5996,-0.3438,1.4145,0.8422
-1.8097,-0.3085,-0.4523,0.9476,1.9122
-0.4523,0.9476,-0.3438,1.4145,0.4796
-1.8097,-0.3085,-0.4132,1.1484,2.1168
-0.4132,1.1484,-0.3438,1.4145,0.275
-1.8097,-0.3085,-0.3438,1.4145,2.3917
-0.7698,0.5447,1.1425,0.5444,1.9127
-0.7698,0.5447,-0.4277,0.5482,0.3421
-0.4277,0.5482,1.1425,0.5444,1.5706
-0.7698,0.5447,0.065,0.5495,0.8348
0.065,0.5495,1.1425,0.5444,1.0779
-0.7698,0.5447,0.3272,0.5594,1.0972
0.3272,0.5594,1.1425,0.5444,0.8155
-0.7698,0.5447,0.6741,0.5487,1.4443
0.6741,0.5487,1.1425,0.5444,0.4685
-0.7698,0.5447,1.1425,0.5444,1.9127
0.2248,1.4238,0.4193,-0.8305,2.2873
0.2248,1.4238,0.311,1.067,0.3671
0.311,1.067,0.4193,-0.8305,1.9203
0.2248,1.4238,0.3855,0.7602,0.6828
0.3855,0.7602,0.4193,-0.8305,1.6045
0.2248,1.4238,0.4635,0.4831,0.9707
0.4635,0.4831,0.4193,-0.8305,1.3167
0.2248,1.4238,0.4675,0.323,1.1308
0.4675,0.323,0.4193,-0.8305,1.1565
0.2248,1.4238,0.4675,-0.0288,1.4825
0.4675,-0.0288,0.4193,-0.8305,0.8048
0.2248,1.4238,0.4727,-0.3308,1.7846
0.4727,-0.3308,0.4193,-0.8305,0.5027
0.2248,1.4238,0.4518,-0.5848,2.0395
0.4518,-0.5848,0.4193,-0.8305,0.2479
0.2248,1.4238,0.4193,-0.8305,2.2873
-0.6984,-0.5016,1.8013,-0.0832,2.5544
-0.6984,-0.5016,-0.3303,-0.4982,0.368
-0.3303,-0.4982,1.8013,-0.0832,2.1863
-0.6984,-0.5016,-0.0577,-0.4803,0.6412
-0.0577,-0.4803,1.8013,-0.0832,1.9132
-0.6984,-0.5016,0.2413,-0.4742,0.9403
0.2413,-0.4742,1.8013,-0.0832,1.6141
-0.6984,-0.5016,0.3989,-0.4718,1.098
0.3989,-0.4718,1.8013,-0.0832,1.4564
-0.6984,-0.5016,0.6437,-0.4261,1.347
0.6437,-0.4261,1.8013,-0.0832,1.2074
-0.6984,-0.5016,0.9651,-0.3267,1.6834
0.9651,-0.3267,1.8013,-0.0832,0.871
-0.6984,-0.5016,1.2006,-0.2607,1.928
1.2006,-0.2607,1.8013,-0.0832,0.6264
-0.6984,-0.5016,1.5138,-0.171,2.2537
1.5138,-0.171,1.8013,-0.0832,0.3007
-0.6984,-0.5016,1.8013,-0.0832,2.5544
0.9559,-0.8307,-0.5489,1.4525,2.8098
0.9559,-0.8307,0.8602,-0.5588,0.2883
0.8602,-0.5588,-0.5489,1.4525,2.5216
0.9559,-0.8307,0.7188,-0.1577,0.7135
0.7188,-0.1577,-0.5489,1.4525,2.0963
0.9559,-0.8307,0.5634,0.2459,1.146
0.5634,0.2459,-0.5489,1.4525,1.6638
0.9559,-0.8307,0.477,0.4819,1.3973
0.477,0.4819,-0.5489,1.4525,1.4125
0.9559,-0.8307,0.2614,0.6767,1.6879
0.2614,0.6767,-0.5489,1.4525,1.1219
0.9559,-0.8307,-0.0115,0.9294,2.0598
-0.0115,0.9294,-0.5489,1.4525,0.75
0.9559,-0.8307,-0.1394,1.0522,2.2371
-0.1394,1.0522,-0.5489,1.4525,0.5727
0.9559,-0.8307,-0.3815,1.2863,2.5739
-0.3815,1.2863,-0.5489,1.4525,0.2359
0.9559,-0.8307,-0.5489,1.4525,2.8098
0.6214,1.0589,-1.5395,0.5727,2.2555
0.6214,1.0589,0.556,1.0302,0.0715
0.556,1.0302,-1.5395,0.5727,2.1841
0.6214,1.0589,0.1647,0.8695,0.4945
0.1647,0.8695,-1.5395,0.5727,1.761
0.6214,1.0589,-0.0969,0.7591,0.7784
-0.0969,0.7591,-1.5395,0.5727,1.4771
0.6214,1.0589,-0.3187,0.6746,1.0158
-0.3187,0.6746,-1.5395,0.5727,1.2398
0.6214,1.0589,-0.5679,0.5754,1.2839
-0.5679,0.5754,-1.5395,0.5727,0.9716
0.6214,1.0589,-0.8997,0.5736,1.6158
-0.8997,0.5736,-1.5395,0.5727,0.6398
0.6214,1.0589,-1.1587,0.5715,1.8748
-1.1587,0.5715,-1.5395,0.5727,0.3807
0.6214,1.0589,-1.5395,0.5727,2.2555
